Metadata,DoomedEagle_2025-11-20_03-46-02,Fullchord_2025-11-20_03-46-29,Skunkworks23_2025-11-20_03-46-29,kaine__2025-11-20_03-46-02,BrainRot_2025-11-20_03-47-50,Twiggzy_2025-11-20_03-47-50,snow_Man_2025-11-20_03-51-45,Rikkitt_2025-11-20_03-51-45,romestamo_2025-11-20_03-59-22,radeone_2025-11-20_04-01-56,A_Magikarp_2025-11-20_04-04-17,KAustinn_2025-11-20_04-01-56
Player Name,DoomedEagle,Fullchord,Skunkworks23,kaine_,BrainRot,Twiggzy,snow_Man,Rikkitt,romestamo,radeone,A_Magikarp,KAustinn
Game ID,2025-11-20_03-46-02-775_Supreme Isthmus v2.1_2025.06.11,2025-11-20_03-46-29-435_Supreme Isthmus v2.1_2025.06.11,2025-11-20_03-46-29-435_Supreme Isthmus v2.1_2025.06.11,2025-11-20_03-46-02-775_Supreme Isthmus v2.1_2025.06.11,2025-11-20_03-47-50-891_Supreme Isthmus v2.1_2025.06.11,2025-11-20_03-47-50-891_Supreme Isthmus v2.1_2025.06.11,2025-11-20_03-51-45-656_Supreme Isthmus v2.1_2025.06.11,2025-11-20_03-51-45-656_Supreme Isthmus v2.1_2025.06.11,2025-11-20_03-59-22-622_Supreme Isthmus v2.1_2025.06.11,2025-11-20_04-01-56-669_Supreme Isthmus v2.1_2025.06.11,2025-11-20_04-04-17-413_Supreme Isthmus v2.1_2025.06.11,2025-11-20_04-01-56-669_Supreme Isthmus v2.1_2025.06.11
Result,Loss,Loss,Loss,Loss,Loss,Loss,Loss,Loss,Loss,Loss,Loss,Loss
Player Skill,30.87,28.47,28.25,25.41,22.07,19.90,19.35,18.76,15.22,13.93,12.10,7.02
Avg Game Skill,30.68,23.05,23.05,30.68,20.08,20.08,14.92,14.92,18.19,16.56,14.74,16.56
Position,pond,pond,pond,pond,pond,pond,pond,pond,pond,pond,pond,pond
Distance from Centroid,70.3,99.1,99.6,47.2,142.6,53.4,154.6,678.6,66.5,120.1,41.0,273.6
Faction,Armada,Armada,Armada,Armada,Armada,Armada,Cortex,Armada,Armada,Armada,Armada,Armada
---,---,---,---,---,---,---,---,---,---,---,---,---
Build 1,Tidal Generator (0.0s),Tidal Generator (0.0s),Tidal Generator (0.0s),Tidal Generator (0.0s),Tidal Generator (0.0s),Tidal Generator (0.0s),Tidal Generator (0.0s),Solar Collector (0.0s),Tidal Generator (0.0s),Tidal Generator (0.0s),Tidal Generator (0.0s),Tidal Generator (0.0s)
Build 2,Tidal Generator (0.0s),Tidal Generator (0.0s),Tidal Generator (0.0s),Tidal Generator (0.0s),Tidal Generator (0.0s),Tidal Generator (0.0s),Tidal Generator (0.0s),Solar Collector (1.2s),Tidal Generator (0.0s),Tidal Generator (0.0s),Tidal Generator (0.0s),Tidal Generator (0.0s)
Build 3,Tidal Generator (0.0s),Tidal Generator (0.0s),Tidal Generator (0.0s),Tidal Generator (0.0s),Tidal Generator (0.0s),Tidal Generator (0.0s),Tidal Generator (0.0s),Solar Collector (2.1s),Tidal Generator (0.0s),Tidal Generator (0.0s),Tidal Generator (0.0s),Tidal Generator (0.0s)
Build 4,Tidal Generator (0.0s),Tidal Generator (0.0s),Tidal Generator (0.0s),Tidal Generator (0.0s),Tidal Generator (0.0s),Tidal Generator (0.0s),Tidal Generator (0.0s),Tidal Generator (37.0s),Tidal Generator (0.0s),Tidal Generator (0.0s),Tidal Generator (0.0s),Tidal Generator (0.0s)
Build 5,Tidal Generator (0.0s),Tidal Generator (0.0s),Tidal Generator (0.0s),Tidal Generator (0.0s),Tidal Generator (0.0s),Tidal Generator (0.0s),Tidal Generator (0.0s),Tidal Generator (37.0s),Tidal Generator (0.0s),Tidal Generator (0.0s),Tidal Generator (0.0s),Tidal Generator (0.0s)
Build 6,Tidal Generator (0.0s),Tidal Generator (0.0s),Tidal Generator (0.0s),Tidal Generator (0.0s),Tidal Generator (0.0s),Tidal Generator (0.0s),Tidal Generator (0.0s),Tidal Generator (37.0s),Tidal Generator (0.0s),Tidal Generator (0.0s),Tidal Generator (0.0s),Tidal Generator (0.0s)
Build 7,Tidal Generator (0.0s),Tidal Generator (0.0s),Tidal Generator (0.0s),Tidal Generator (0.0s),Tidal Generator (0.0s),Tidal Generator (0.0s),Tidal Generator (0.0s),Tidal Generator (37.0s),Tidal Generator (0.0s),Tidal Generator (0.0s),Tidal Generator (0.0s),Tidal Generator (0.0s)
Build 8,Tidal Generator (0.0s),Tidal Generator (0.0s),Tidal Generator (0.0s),Tidal Generator (0.0s),Tidal Generator (0.0s),Tidal Generator (0.0s),Tidal Generator (0.0s),Tidal Generator (40.1s),Tidal Generator (0.0s),Tidal Generator (0.0s),Tidal Generator (0.0s),Tidal Generator (0.0s)
Build 9,Tidal Generator (0.0s),Tidal Generator (0.0s),Tidal Generator (0.0s),Tidal Generator (0.0s),Tidal Generator (0.0s),Tidal Generator (63.8s),Tidal Generator (0.0s),Tidal Generator (40.1s),Metal Extractor (0.0s),Bot Lab (111.0s),Tidal Generator (0.0s),Tidal Generator (0.0s)
Build 10,Tidal Generator (0.0s),Naval Energy Converter (0.0s),Tidal Generator (0.0s),Tidal Generator (80.0s),Tidal Generator (76.7s),Tidal Generator (64.6s),Tidal Generator (0.0s),Tidal Generator (40.1s),Metal Extractor (0.0s),Construction Bot (118.1s),Tidal Generator (0.0s),Tidal Generator (0.0s)
Build 11,Tidal Generator (0.0s),Energy Storage (173.3s),Metal Extractor (0.0s),Wind Turbine (165.9s),Bot Lab (121.3s),Metal Extractor (120.8s),Metal Extractor (0.0s),Tidal Generator (40.1s),Metal Extractor (0.0s),Lazarus (121.8s),Tidal Generator (0.0s),Tidal Generator (0.0s)
Build 12,Tidal Generator (0.0s),Bot Lab (178.2s),Metal Extractor (0.0s),Wind Turbine (167.2s),Wind Turbine (124.9s),Wind Turbine (125.8s),Metal Extractor (0.0s),Bot Lab (50.4s),Bot Lab (0.0s),Wind Turbine (141.8s),Tidal Generator (0.0s),Tidal Generator (0.0s)
Build 13,Metal Extractor (117.9s),Wind Turbine (201.6s),Metal Extractor (0.0s),Wind Turbine (168.6s),Wind Turbine (126.1s),Wind Turbine (128.0s),Metal Extractor (0.0s),Tidal Generator (161.0s),Metal Extractor (67.9s),Wind Turbine (141.8s),Bot Lab (93.8s),Tidal Generator (0.0s)
Build 14,Metal Extractor (125.1s),Wind Turbine (201.6s),Metal Extractor (0.0s),Wind Turbine (176.0s),Lazarus (134.6s),Wind Turbine (128.5s),Metal Extractor (0.0s),Tidal Generator (161.0s),Metal Extractor (67.9s),Wind Turbine (141.8s),Construction Bot (174.7s),Tidal Generator (0.0s)
Build 15,Bot Lab (148.8s),Wind Turbine (201.6s),Tidal Generator (69.5s),Wind Turbine (176.7s),Construction Bot (138.6s),Vehicle Plant (130.5s),Metal Extractor (139.7s),Tidal Generator (161.0s),Metal Extractor (67.9s),Wind Turbine (141.8s),Construction Bot (175.1s),Tidal Generator (0.0s)
Build 16,Energy Converter (172.3s),Wind Turbine (201.6s),Metal Extractor (69.5s),Wind Turbine (178.4s),Lazarus (139.0s),Wind Turbine (135.3s),Bot Lab (142.8s),Tidal Generator (161.0s),Bot Lab (67.9s),Wind Turbine (141.8s),Construction Bot (175.5s),Tidal Generator (0.0s)
Build 17,Construction Bot (189.4s),Wind Turbine (201.6s),Metal Extractor (69.5s),Wind Turbine (198.2s),Construction Bot (140.9s),Vehicle Plant (135.3s),Construction Bot (146.7s),Tidal Generator (161.0s),Tidal Generator (69.9s),Wind Turbine (141.8s),Mace (179.7s),Wind Turbine (198.1s)
Build 18,Energy Converter (198.6s),Wind Turbine (201.6s),Metal Extractor (69.5s),Wind Turbine (198.9s),Wind Turbine (195.5s),Vehicle Plant (136.5s),Construction Bot (146.8s),Tidal Generator (161.0s),Tidal Generator (70.8s),Wind Turbine (141.8s),Mace (180.2s),Wind Turbine (198.1s)
Build 19,Metal Extractor (205.8s),Wind Turbine (201.6s),Metal Extractor (69.5s),Bot Lab (208.0s),Wind Turbine (195.5s),Construction Vehicle (145.6s),Construction Bot (146.9s),Tidal Generator (161.0s),Tidal Generator (71.7s),Wind Turbine (141.8s),Mace (180.3s),Wind Turbine (199.4s)
Build 20,Energy Converter (207.0s),Wind Turbine (201.6s),Tidal Generator (70.9s),Bot Lab (212.8s),Wind Turbine (195.5s),Wind Turbine (174.0s),Graverobber (148.7s),Tidal Generator (161.0s),Tidal Generator (81.6s),Wind Turbine (141.8s),Mace (180.5s),Wind Turbine (200.6s)
Build 21,Energy Converter (214.5s),Construction Bot (204.4s),Tidal Generator (71.6s),Lazarus (215.3s),Wind Turbine (195.5s),Wind Turbine (174.0s),Graverobber (148.8s),Construction Bot (165.9s),Bot Lab (129.1s),Wind Turbine (141.8s),Construction Bot (182.9s),Wind Turbine (221.5s)
Build 22,Energy Converter (215.7s),Lazarus (204.6s),Metal Extractor (75.3s),Lazarus (215.4s),Wind Turbine (195.5s),Wind Turbine (179.8s),Metal Extractor (175.4s),Construction Bot (166.1s),Lazarus (140.4s),Energy Storage (179.9s),Construction Bot (183.0s),Wind Turbine (221.5s)
Build 23,Construction Turret (226.9s),Lazarus (204.8s),Metal Extractor (76.2s),Construction Bot (218.7s),Wind Turbine (195.5s),Wind Turbine (179.8s),Shipyard (179.8s),Construction Bot (166.3s),Construction Bot (141.1s),Energy Converter (206.3s),Mace (184.0s),Wind Turbine (221.5s)
Build 24,Construction Bot (232.3s),Lazarus (204.9s),Bot Lab (79.2s),Construction Bot (218.8s),Wind Turbine (195.5s),Wind Turbine (179.8s),Construction Turret (193.8s),Construction Bot (166.6s),Construction Bot (141.3s),Energy Converter (206.3s),Mace (184.1s),Wind Turbine (221.5s)
Build 25,Rocketeer (262.5s),Lazarus (205.6s),Lazarus (151.6s),Energy Converter (243.1s),Wind Turbine (195.5s),Wind Turbine (179.8s),Wind Turbine (225.3s),Construction Bot (166.8s),Construction Bot (143.3s),Energy Converter (209.6s),Mace (184.3s),Wind Turbine (228.8s)
Build 26,Rocketeer (262.7s),Construction Bot (205.9s),Lazarus (151.8s),Energy Converter (243.1s),Wind Turbine (195.5s),Wind Turbine (179.8s),Wind Turbine (225.3s),Construction Bot (167.3s),Construction Bot (143.4s),Energy Converter (209.6s),Lazarus (185.1s),Wind Turbine (228.8s)
Build 27,Rocketeer (263.3s),Construction Turret (241.0s),Construction Bot (152.5s),Energy Converter (244.3s),Wind Turbine (197.1s),Wind Turbine (179.8s),Wind Turbine (225.3s),Construction Bot (167.8s),Wind Turbine (215.3s),Energy Converter (213.3s),Construction Bot (186.3s),Wind Turbine (228.8s)
Build 28,Rocketeer (275.0s),Construction Turret (244.8s),Construction Bot (152.6s),Energy Converter (245.1s),Wind Turbine (197.1s),Wind Turbine (185.9s),Wind Turbine (225.3s),Mace (208.7s),Wind Turbine (215.3s),Wind Turbine (217.3s),Construction Bot (186.5s),Energy Converter (231.7s)
Build 29,Tidal Generator (285.9s),Construction Turret (248.8s),Construction Turret (212.4s),Wind Turbine (284.2s),Wind Turbine (197.1s),Wind Turbine (185.9s),Wind Turbine (225.3s),Mace (209.0s),Wind Turbine (215.3s),Wind Turbine (217.3s),Mace (187.3s),Bot Lab (241.4s)
Build 30,Tidal Generator (285.9s),Wind Turbine (258.0s),Energy Converter (215.2s),Wind Turbine (284.2s),Wind Turbine (197.1s),Wind Turbine (185.9s),Wind Turbine (225.3s),Mace (209.2s),Wind Turbine (215.3s),Wind Turbine (217.3s),Mace (187.7s),Wind Turbine (271.4s)
Build 31,Tidal Generator (285.9s),Wind Turbine (258.0s),Energy Converter (215.2s),Wind Turbine (284.2s),Wind Turbine (197.1s),Wind Turbine (185.9s),Wind Turbine (225.3s),Mace (209.2s),Wind Turbine (215.3s),Wind Turbine (217.3s),Mace (187.8s),Wind Turbine (271.4s)
Build 32,Tidal Generator (285.9s),Wind Turbine (258.0s),Wind Turbine (216.6s),Wind Turbine (286.6s),Wind Turbine (197.1s),Wind Turbine (185.9s),Wind Turbine (225.3s),Mace (209.4s),Wind Turbine (215.3s),Wind Turbine (217.3s),Mace (187.9s),Energy Converter (274.6s)
Build 33,Tidal Generator (285.9s),Wind Turbine (258.0s),Wind Turbine (216.6s),Wind Turbine (286.6s),Wind Turbine (197.1s),Wind Turbine (185.9s),Wind Turbine (225.3s),Mace (209.5s),Wind Turbine (215.3s),Wind Turbine (217.3s),Wind Turbine (203.9s),Construction Bot (277.3s)
Build 34,Tidal Generator (285.9s),Wind Turbine (258.0s),Wind Turbine (216.6s),Wind Turbine (286.6s),Wind Turbine (197.1s),Wind Turbine (188.1s),Wind Turbine (225.3s),Mace (209.7s),Wind Turbine (215.3s),Wind Turbine (217.3s),Wind Turbine (203.9s),Energy Storage (310.1s)
Build 35,Tidal Generator (285.9s),Wind Turbine (258.0s),Wind Turbine (216.6s),Construction Turret (314.4s),Wind Turbine (197.1s),Wind Turbine (189.1s),Wind Turbine (225.3s),Mace (209.9s),Tidal Generator (223.5s),Wind Turbine (217.3s),Wind Turbine (203.9s),Construction Turret (328.0s)
Build 36,Tidal Generator (285.9s),Wind Turbine (258.0s),Wind Turbine (216.6s),Construction Turret (315.5s),Wind Turbine (198.5s),Construction Vehicle (194.6s),Wind Turbine (225.3s),Mace (210.0s),Tidal Generator (223.5s),Wind Turbine (217.3s),Wind Turbine (203.9s),Construction Bot (348.2s)
Build 37,Tidal Generator (285.9s),Wind Turbine (258.0s),Wind Turbine (216.6s),Wind Turbine (329.1s),Wind Turbine (198.5s),Whistler (219.7s),Wind Turbine (225.3s),Mace (210.2s),Tidal Generator (223.5s),Wind Turbine (217.3s),Wind Turbine (207.1s),Wind Turbine (363.9s)
Build 38,Tidal Generator (285.9s),Wind Turbine (258.0s),Wind Turbine (216.6s),Wind Turbine (329.1s),Wind Turbine (198.5s),Wind Turbine (243.1s),Wind Turbine (225.3s),Mace (210.4s),Tidal Generator (223.5s),Pawn (233.5s),Wind Turbine (207.1s),Wind Turbine (363.9s)
Build 39,Tidal Generator (285.9s),Wind Turbine (258.0s),Wind Turbine (216.6s),Wind Turbine (329.1s),Wind Turbine (198.5s),Wind Turbine (243.1s),Wind Turbine (225.3s),Mace (210.5s),Tidal Generator (223.5s),Energy Converter (249.4s),Wind Turbine (207.1s),Wind Turbine (363.9s)
Build 40,Tidal Generator (285.9s),Wind Turbine (258.0s),Wind Turbine (216.6s),Wind Turbine (329.1s),Wind Turbine (198.5s),Wind Turbine (243.1s),Wind Turbine (225.3s),Mace (210.6s),Tidal Generator (223.5s),Construction Bot (252.9s),Wind Turbine (207.1s),Wind Turbine (363.9s)
Build 41,Tidal Generator (285.9s),Wind Turbine (258.0s),Wind Turbine (216.6s),Construction Bot (334.6s),Wind Turbine (198.5s),Wind Turbine (243.1s),Wind Turbine (225.3s),Mace (210.9s),Tidal Generator (223.5s),Centurion (259.0s),Energy Converter (233.7s),Wind Turbine (363.9s)
Build 42,Tidal Generator (285.9s),Wind Turbine (258.0s),Wind Turbine (216.6s),Wind Turbine (353.2s),Wind Turbine (198.5s),Wind Turbine (243.1s),Wind Turbine (225.3s),Mace (211.0s),Tidal Generator (223.5s),Energy Converter (283.1s),Energy Converter (236.5s),Wind Turbine (363.9s)
Build 43,Tidal Generator (285.9s),Wind Turbine (258.0s),Wind Turbine (216.6s),Wind Turbine (353.2s),Wind Turbine (198.5s),Wind Turbine (243.1s),Wind Turbine (225.3s),Mace (211.1s),Tidal Generator (223.5s),Energy Converter (283.1s),Construction Turret (251.8s),Wind Turbine (363.9s)
Build 44,Tidal Generator (285.9s),Wind Turbine (258.0s),Energy Converter (218.2s),Wind Turbine (353.2s),Wind Turbine (198.5s),Wind Turbine (243.1s),Wind Turbine (225.3s),Mace (211.4s),Tidal Generator (223.5s),Energy Converter (288.2s),Wind Turbine (279.0s),Wind Turbine (363.9s)
Build 45,Tidal Generator (285.9s),Wind Turbine (258.0s),Energy Converter (218.2s),Wind Turbine (353.2s),Wind Turbine (200.2s),Wind Turbine (243.1s),Wind Turbine (225.3s),Mace (211.5s),Tidal Generator (223.5s),Energy Converter (288.2s),Wind Turbine (279.0s),Pawn (370.0s)
Build 46,Tidal Generator (285.9s),Wind Turbine (258.0s),Wind Turbine (220.3s),Wind Turbine (353.2s),Wind Turbine (200.2s),Wind Turbine (243.1s),Wind Turbine (225.3s),Mace (211.9s),Tidal Generator (223.5s),Energy Converter (288.2s),Wind Turbine (279.0s),Pawn (370.5s)
Build 47,Tidal Generator (285.9s),Wind Turbine (258.0s),Wind Turbine (220.3s),Wind Turbine (353.2s),Wind Turbine (200.2s),Wind Turbine (243.1s),Energy Converter (232.4s),Mace (212.0s),Tidal Generator (223.5s),Energy Converter (288.2s),Wind Turbine (279.0s),Pawn (371.2s)
Build 48,Tidal Generator (285.9s),Wind Turbine (258.0s),Wind Turbine (220.3s),Centurion (368.8s),Wind Turbine (200.2s),Wind Turbine (243.1s),Wind Turbine (239.6s),Mace (212.2s),Tidal Generator (223.5s),Mace (300.2s),Wind Turbine (279.0s),Tidal Generator (400.4s)
Build 49,Tidal Generator (285.9s),Wind Turbine (258.0s),Wind Turbine (220.3s),Nettle (384.4s),Wind Turbine (200.2s),Wind Turbine (243.1s),Wind Turbine (239.6s),Mace (212.4s),Tidal Generator (223.5s),Energy Converter (306.2s),Wind Turbine (279.0s),Tidal Generator (400.4s)
Build 50,Tidal Generator (285.9s),Wind Turbine (258.0s),Wind Turbine (220.3s),Centurion (386.7s),Wind Turbine (200.2s),Wind Turbine (243.1s),Wind Turbine (239.6s),Mace (212.5s),Tidal Generator (223.5s),Wind Turbine (313.2s),Wind Turbine (279.0s),Tidal Generator (400.4s)
Build 51,Tidal Generator (285.9s),Wind Turbine (258.0s),Wind Turbine (220.3s),Radar Tower (395.4s),Wind Turbine (200.2s),Wind Turbine (243.1s),Wind Turbine (239.6s),Mace (212.7s),Tidal Generator (223.5s),Wind Turbine (313.2s),Wind Turbine (279.0s),Construction Bot (446.5s)
Build 52,Tidal Generator (285.9s),Wind Turbine (258.0s),Wind Turbine (220.3s),Wind Turbine (420.5s),Wind Turbine (200.2s),Wind Turbine (243.1s),Wind Turbine (239.6s),Mace (212.9s),Tidal Generator (223.5s),Wind Turbine (313.2s),Wind Turbine (279.0s),Construction Bot (481.1s)
Build 53,Wind Turbine (290.0s),Wind Turbine (258.0s),Wind Turbine (220.3s),Wind Turbine (420.5s),Wind Turbine (200.2s),Wind Turbine (243.1s),Wind Turbine (239.6s),Mace (213.1s),Tidal Generator (223.5s),Wind Turbine (313.2s),Wind Turbine (279.0s),Construction Turret (486.7s)
Build 54,Wind Turbine (290.0s),Wind Turbine (258.0s),Wind Turbine (220.3s),Wind Turbine (420.5s),Energy Converter (212.2s),Wind Turbine (243.1s),Wind Turbine (239.6s),Mace (213.3s),Tidal Generator (223.5s),Wind Turbine (313.2s),Wind Turbine (279.0s),Beamer (509.7s)
Build 55,Wind Turbine (290.0s),Wind Turbine (258.0s),Wind Turbine (220.3s),Wind Turbine (420.5s),Construction Turret (219.9s),Wind Turbine (243.1s),Wind Turbine (239.6s),Mace (213.4s),Tidal Generator (223.5s),Wind Turbine (313.2s),Wind Turbine (281.4s),Wind Turbine (517.9s)
Build 56,Wind Turbine (290.0s),Wind Turbine (258.0s),Wind Turbine (220.3s),Wind Turbine (420.5s),Wind Turbine (227.7s),Wind Turbine (243.1s),Wind Turbine (239.6s),Mace (213.6s),Tidal Generator (223.5s),Wind Turbine (313.2s),Wind Turbine (281.4s),Wind Turbine (517.9s)
Build 57,Wind Turbine (290.0s),Wind Turbine (258.0s),Wind Turbine (220.3s),Wind Turbine (420.5s),Wind Turbine (227.7s),Wind Turbine (243.1s),Wind Turbine (239.6s),Mace (213.8s),Tidal Generator (223.5s),Wind Turbine (313.2s),Wind Turbine (281.4s),Wind Turbine (517.9s)
Build 58,Wind Turbine (290.0s),Wind Turbine (258.0s),Wind Turbine (220.3s),Wind Turbine (420.5s),Wind Turbine (227.7s),Wind Turbine (243.1s),Wind Turbine (239.6s),Mace (214.0s),Tidal Generator (223.5s),Wind Turbine (313.2s),Wind Turbine (281.4s),Wind Turbine (517.9s)
Build 59,Wind Turbine (290.0s),Wind Turbine (258.0s),Wind Turbine (220.3s),Wind Turbine (420.5s),Wind Turbine (227.7s),Wind Turbine (243.1s),Wind Turbine (239.6s),Mace (214.2s),Tidal Generator (223.5s),Wind Turbine (313.2s),Wind Turbine (281.4s),Wind Turbine (517.9s)
Build 60,Wind Turbine (290.0s),Wind Turbine (258.0s),Energy Converter (223.8s),Wind Turbine (420.5s),Wind Turbine (227.7s),Wind Turbine (243.1s),Wind Turbine (239.6s),Mace (214.5s),Tidal Generator (223.5s),Wind Turbine (313.2s),Wind Turbine (281.4s),Wind Turbine (517.9s)
Build 61,Wind Turbine (290.0s),Wind Turbine (258.0s),Construction Turret (228.0s),Wind Turbine (420.5s),Wind Turbine (227.7s),Wind Turbine (243.1s),Wind Turbine (239.6s),Mace (214.7s),Tidal Generator (223.5s),Wind Turbine (313.2s),Wind Turbine (281.4s),Wind Turbine (517.9s)
Build 62,Wind Turbine (290.0s),Construction Turret (261.4s),Wind Turbine (234.0s),Wind Turbine (420.5s),Wind Turbine (227.7s),Wind Turbine (243.1s),Wind Turbine (239.6s),Mace (214.7s),Tidal Generator (223.5s),Wind Turbine (313.2s),Wind Turbine (281.4s),Wind Turbine (517.9s)
Build 63,Wind Turbine (290.0s),Construction Turret (261.4s),Wind Turbine (234.0s),Wind Turbine (420.5s),Wind Turbine (227.7s),Wind Turbine (243.1s),Wind Turbine (239.6s),Mace (214.9s),Tidal Generator (223.5s),Wind Turbine (313.2s),Wind Turbine (281.4s),Wind Turbine (517.9s)
Build 64,Wind Turbine (290.0s),Wind Turbine (261.4s),Wind Turbine (234.0s),Energy Converter (425.2s),Wind Turbine (227.7s),Wind Turbine (244.5s),Wind Turbine (239.6s),Mace (215.1s),Tidal Generator (223.5s),Wind Turbine (313.2s),Wind Turbine (281.4s),Wind Turbine (517.9s)
Build 65,Wind Turbine (290.0s),Wind Turbine (261.4s),Wind Turbine (234.0s),Energy Converter (425.2s),Wind Turbine (227.7s),Wind Turbine (244.5s),Wind Turbine (239.6s),Mace (215.3s),Tidal Generator (223.5s),Wind Turbine (313.2s),Wind Turbine (281.4s),Energy Converter (524.3s)
Build 66,Wind Turbine (290.0s),Wind Turbine (261.4s),Wind Turbine (234.0s),Energy Converter (425.2s),Wind Turbine (227.7s),Wind Turbine (244.5s),Energy Converter (245.7s),Mace (215.5s),Tidal Generator (223.5s),Mace (316.8s),Tidal Generator (305.9s),Energy Converter (524.8s)
Build 67,Wind Turbine (290.0s),Wind Turbine (261.4s),Wind Turbine (234.0s),Energy Converter (425.2s),Wind Turbine (229.5s),Wind Turbine (244.5s),Energy Converter (245.7s),Mace (215.7s),Tidal Generator (223.5s),Energy Converter (342.5s),Tidal Generator (305.9s),Tidal Generator (535.3s)
Build 68,Wind Turbine (290.0s),Wind Turbine (261.4s),Wind Turbine (234.0s),Energy Converter (425.2s),Wind Turbine (229.5s),Wind Turbine (244.5s),Energy Converter (245.7s),Mace (216.0s),Tidal Generator (223.5s),Energy Converter (342.5s),Tidal Generator (305.9s),Tidal Generator (535.3s)
Build 69,Wind Turbine (290.0s),Wind Turbine (261.4s),Wind Turbine (234.0s),Energy Converter (425.2s),Wind Turbine (229.5s),Wind Turbine (244.5s),Energy Converter (245.7s),Mace (216.2s),Tidal Generator (223.5s),Energy Converter (342.5s),Tidal Generator (305.9s),Tidal Generator (535.3s)
Build 70,Wind Turbine (290.0s),Wind Turbine (261.4s),Wind Turbine (234.0s),Pawn (427.7s),Wind Turbine (229.5s),Wind Turbine (244.5s),Energy Converter (245.7s),Mace (216.4s),Tidal Generator (223.5s),Energy Converter (342.5s),Tidal Generator (305.9s),Tidal Generator (535.3s)
Build 71,Wind Turbine (290.0s),Wind Turbine (261.4s),Wind Turbine (234.0s),Pawn (431.5s),Wind Turbine (229.5s),Wind Turbine (244.5s),Energy Converter (245.7s),Mace (216.6s),Tidal Generator (223.5s),Construction Turret (368.4s),Tidal Generator (308.2s),Wind Turbine (559.7s)
Build 72,Wind Turbine (290.0s),Wind Turbine (261.4s),Wind Turbine (234.0s),Pawn (431.6s),Wind Turbine (229.5s),Wind Turbine (244.5s),Energy Converter (245.7s),Mace (216.8s),Tidal Generator (223.5s),Lazarus (379.6s),Tidal Generator (308.2s),Wind Turbine (559.7s)
Build 73,Wind Turbine (290.0s),Wind Turbine (261.4s),Wind Turbine (234.0s),Tick (432.1s),Wind Turbine (229.5s),Wind Turbine (244.5s),Energy Converter (245.7s),Mace (217.0s),Tidal Generator (223.5s),Wind Turbine (386.2s),Tidal Generator (308.2s),Wind Turbine (559.7s)
Build 74,Wind Turbine (293.2s),Wind Turbine (261.4s),Wind Turbine (234.0s),Beamer (461.3s),Wind Turbine (229.5s),Wind Turbine (244.5s),Energy Converter (245.7s),Mace (217.2s),Tidal Generator (223.5s),Wind Turbine (386.2s),Tidal Generator (308.2s),Wind Turbine (559.7s)
Build 75,Wind Turbine (293.2s),Wind Turbine (261.4s),Wind Turbine (234.0s),Sentry (541.5s),Wind Turbine (229.5s),Wind Turbine (244.5s),Energy Converter (245.7s),Mace (218.8s),Tidal Generator (223.5s),Wind Turbine (386.2s),Tidal Generator (308.2s),Wind Turbine (569.8s)
Build 76,Wind Turbine (293.2s),Wind Turbine (261.4s),Wind Turbine (234.0s),Sentry (545.9s),Wind Turbine (229.5s),Wind Turbine (244.5s),Energy Converter (245.7s),Mace (219.0s),Tidal Generator (223.5s),Wind Turbine (386.2s),Tidal Generator (308.2s),Wind Turbine (569.8s)
Build 77,Wind Turbine (293.2s),Wind Turbine (261.4s),Wind Turbine (234.0s),Pawn (555.1s),Wind Turbine (229.5s),Wind Turbine (244.5s),Energy Converter (245.7s),Mace (219.7s),Tidal Generator (223.5s),Wind Turbine (386.2s),Tidal Generator (308.2s),Wind Turbine (569.8s)
Build 78,Wind Turbine (293.2s),Wind Turbine (261.4s),Energy Converter (236.0s),Pawn (555.2s),Wind Turbine (231.2s),Wind Turbine (244.5s),Construction Ship (269.1s),Mace (219.8s),Tidal Generator (223.5s),Wind Turbine (386.2s),Tidal Generator (308.2s),Wind Turbine (569.8s)
Build 79,Wind Turbine (293.2s),Wind Turbine (261.4s),Energy Converter (236.0s),Tick (556.0s),Wind Turbine (231.2s),Wind Turbine (244.5s),Oppressor (270.0s),Mace (220.0s),Tidal Generator (223.5s),Wind Turbine (386.2s),Energy Converter (334.3s),Tidal Generator (589.5s)
Build 80,Wind Turbine (293.2s),Wind Turbine (261.4s),Energy Converter (236.0s),Sentry (567.0s),Wind Turbine (231.2s),Wind Turbine (244.5s),Herring (270.6s),Mace (220.4s),Tidal Generator (223.5s),Wind Turbine (386.2s),Energy Converter (337.1s),Tidal Generator (589.5s)
Build 81,Wind Turbine (293.2s),Wind Turbine (261.4s),Energy Converter (236.0s),Construction Turret (575.8s),Wind Turbine (231.2s),Wind Turbine (244.5s),Jellyfish (323.9s),Mace (220.8s),Tidal Generator (223.5s),Wind Turbine (386.2s),Energy Converter (368.3s),Tidal Generator (589.5s)
Build 82,Wind Turbine (293.2s),Wind Turbine (261.4s),Wind Turbine (239.0s),Construction Turret (575.8s),Wind Turbine (231.2s),Wind Turbine (244.5s),Dragon's Teeth (341.9s),Mace (220.9s),Tidal Generator (223.5s),Wind Turbine (386.2s),Energy Converter (368.3s),Tidal Generator (589.5s)
Build 83,Wind Turbine (293.2s),Wind Turbine (261.4s),Wind Turbine (239.0s),Wind Turbine (586.0s),Wind Turbine (231.2s),Wind Turbine (244.5s),Dragon's Teeth (343.1s),Mace (221.1s),Tidal Generator (223.5s),Wind Turbine (386.2s),Energy Converter (368.3s),Construction Turret (597.1s)
Build 84,Wind Turbine (293.2s),Wind Turbine (261.4s),Wind Turbine (239.0s),Wind Turbine (586.0s),Wind Turbine (231.2s),Wind Turbine (244.5s),Radar Tower (355.4s),Mace (221.3s),Tidal Generator (223.5s),Wind Turbine (386.2s),Energy Converter (368.3s),Wind Turbine (606.7s)
Build 85,Wind Turbine (293.2s),Wind Turbine (261.4s),Wind Turbine (239.0s),Wind Turbine (586.0s),Wind Turbine (231.2s),Wind Turbine (244.5s),Hovercraft Platform (364.1s),Mace (221.5s),Tidal Generator (223.5s),Wind Turbine (396.9s),Mace (399.8s),Wind Turbine (606.7s)
Build 86,Wind Turbine (293.2s),Wind Turbine (261.4s),Wind Turbine (239.0s),Wind Turbine (586.0s),Wind Turbine (231.2s),Wind Turbine (244.5s),Goon (393.3s),Mace (221.9s),Tidal Generator (223.5s),Wind Turbine (396.9s),Mace (399.9s),Wind Turbine (606.7s)
Build 87,Wind Turbine (293.2s),Wind Turbine (261.4s),Wind Turbine (239.0s),Wind Turbine (586.0s),Wind Turbine (231.2s),Wind Turbine (244.5s),Mangonel (395.9s),Mace (222.4s),Tidal Generator (223.5s),Wind Turbine (396.9s),Construction Turret (454.5s),Wind Turbine (606.7s)
Build 88,Wind Turbine (293.2s),Wind Turbine (261.4s),Wind Turbine (239.0s),Wind Turbine (586.0s),Wind Turbine (231.2s),Wind Turbine (244.5s),Mangonel (396.1s),Solar Collector (247.5s),Tidal Generator (223.5s),Wind Turbine (396.9s),Construction Turret (487.0s),Wind Turbine (606.7s)
Build 89,Wind Turbine (293.2s),Wind Turbine (261.4s),Wind Turbine (239.0s),Wind Turbine (586.0s),Lazarus (232.8s),Wind Turbine (244.5s),Goon (399.5s),Solar Collector (247.5s),Tidal Generator (223.5s),Wind Turbine (396.9s),Advanced Solar Collector (496.1s),Wind Turbine (606.7s)
Build 90,Construction Bot (295.2s),Wind Turbine (261.4s),Wind Turbine (239.0s),Wind Turbine (586.0s),Construction Bot (233.1s),Construction Turret (284.4s),Bot Lab (673.2s),Solar Collector (247.5s),Tidal Generator (223.5s),Wind Turbine (396.9s),Advanced Solar Collector (496.1s),Wind Turbine (606.7s)
Build 91,Energy Storage (297.3s),Wind Turbine (261.4s),Wind Turbine (239.0s),Wind Turbine (623.1s),Lazarus (233.4s),Construction Turret (287.7s),Bot Lab (674.2s),Energy Converter (293.8s),Tidal Generator (223.5s),Wind Turbine (396.9s),Advanced Solar Collector (496.1s),Wind Turbine (606.7s)
Build 92,Wind Turbine (300.9s),Wind Turbine (261.4s),Wind Turbine (239.0s),Wind Turbine (623.1s),Construction Bot (233.7s),Groundhog (429.3s),Construction Turret (678.6s),Energy Converter (293.8s),Tidal Generator (223.5s),Wind Turbine (396.9s),Advanced Solar Collector (496.1s),Wind Turbine (606.7s)
Build 93,Wind Turbine (300.9s),Wind Turbine (261.4s),Wind Turbine (239.0s),Wind Turbine (623.1s),Energy Converter (256.8s),Light Mine (472.7s),Construction Turret (678.6s),Energy Converter (293.8s),Tidal Generator (223.5s),Wind Turbine (396.9s),Advanced Solar Collector (496.8s),Wind Turbine (606.7s)
Build 94,Wind Turbine (300.9s),Construction Turret (264.1s),Energy Converter (240.2s),Wind Turbine (623.1s),Energy Converter (259.2s),Light Mine (472.7s),Construction Turret (678.6s),Energy Converter (296.0s),Tidal Generator (223.5s),Wind Turbine (396.9s),Advanced Solar Collector (537.1s),Wind Turbine (610.0s)
Build 95,Wind Turbine (300.9s),Construction Turret (267.2s),Energy Converter (240.2s),Wind Turbine (623.1s),Energy Converter (259.2s),Light Mine (472.7s),Construction Turret (678.6s),Energy Converter (296.0s),Tidal Generator (223.5s),Wind Turbine (396.9s),Advanced Solar Collector (537.1s),Wind Turbine (610.0s)
Build 96,Wind Turbine (300.9s),Wind Turbine (271.5s),Energy Converter (240.2s),Wind Turbine (623.1s),Energy Converter (259.2s),Light Mine (472.7s),Construction Turret (678.6s),Energy Converter (296.0s),Tidal Generator (223.5s),Wind Turbine (396.9s),Advanced Solar Collector (537.1s),Wind Turbine (610.0s)
Build 97,Wind Turbine (300.9s),Wind Turbine (271.5s),Energy Converter (240.2s),Wind Turbine (623.1s),Construction Turret (273.5s),Light Mine (472.7s),Construction Turret (678.6s),Energy Converter (296.9s),Tidal Generator (223.5s),Wind Turbine (497.0s),Advanced Solar Collector (537.1s),Wind Turbine (610.0s)
Build 98,Wind Turbine (300.9s),Wind Turbine (271.5s),Wind Turbine (241.8s),Wind Turbine (623.1s),Construction Turret (273.8s),Light Mine (472.7s),Construction Turret (678.6s),Energy Converter (296.9s),Tidal Generator (223.5s),Wind Turbine (497.0s),Advanced Solar Collector (537.1s),Wind Turbine (610.0s)
Build 99,Wind Turbine (300.9s),Wind Turbine (271.5s),Wind Turbine (241.8s),Wind Turbine (623.1s),Energy Converter (276.9s),Light Mine (472.7s),Construction Turret (678.6s),Energy Converter (296.9s),Tidal Generator (223.5s),Wind Turbine (497.0s),Advanced Solar Collector (575.2s),Wind Turbine (610.0s)
Build 100,Wind Turbine (300.9s),Wind Turbine (271.5s),Wind Turbine (241.8s),Wind Turbine (623.1s),Energy Converter (276.9s),Light Mine (472.7s),Construction Turret (678.6s),Solar Collector (365.4s),Tidal Generator (223.5s),Wind Turbine (497.0s),Advanced Solar Collector (575.2s),Wind Turbine (610.0s)
